{"jiancuyuan.ttf":"ttf-font","MessageBox.prefab":"prefab","MessageDialog.js":"javascript","Utility.js":"javascript","httpUtils.js":"javascript","ModalUI.js":"javascript","new_img_game_4.25shezhi_cxlj.png":"texture","new_img_game_4.25shezhi_fhdl.png":"texture","new_img_game_4.25shezhi_quxiao.png":"texture","new_img_game_4.25tongyong_jxyx.png":"texture","new_img_game_4.25tongyong_queding.png":"texture","new_img_game_4.25tongyong_qwcz.png":"texture","new_img_game_4.25tongyong_qwgx.png":"texture","new_img_game_4.25tongyong_qwrz.png":"texture","new_img_game_4.25tongyong_shrz.png":"texture","new_img_game_4.25tongyong_tishi.png":"texture","img_game_4.25tongyong_xiaotanchaung.png":"texture","mig_game_4.25fenxiang_fenxiangdi.png":"texture","biaotipiaofukuai.anim":"animation-clip","xiaobiaotijiantou.anim":"animation-clip","xiaobiaotisaoguangmask.anim":"animation-clip","biaotilanmask.png":"texture","img_game_4.25tongyong_bt01.png":"texture","img_game_4.25tongyong_bt02.png":"texture","img_game_4.25tongyong_bt03.png":"texture","img_game_4.25tongyong_btdiban.png":"texture","jiantou (7).png":"texture","jiantou (13).png":"texture","jiantou (12).png":"texture","jiantou (11).png":"texture","jiantou (10).png":"texture","jiantou (1).png":"texture","jiantou (14).png":"texture","jiantou (15).png":"texture","jiantou (2).png":"texture","jiantou (3).png":"texture","jiantou (4).png":"texture","jiantou (5).png":"texture","jiantou (6).png":"texture","jiantou (8).png":"texture","jiantou (9).png":"texture","kaishiliuguang.png":"texture","btn_game_4.25youjian_anniu.png":"texture","btn_game_4.25youjian_anniu2.png":"texture","singleColor.png":"texture"}